"First Name","Last Name"
"Dale","Hawkins"
"Stella","Sullivan"
"Myra","Nelson"
"Alfred","Hamilton"
"Jessica","Higgins"
"Melissa","Wells"
"Luke","Grant"
"William","Fowler"
"Michael","Ferguson"
"Victoria","Robinson"
"Rafael","Douglas"
"Daisy","Anderson"
"Tony","Walker"
"Darcy","Elliott"
"Martin","Baker"
"Robert","Warren"
"Camila","Morris"
"Edwin","Moore"
"Miller","Bennett"
"Florrie","Carroll"
"William","Brooks"
"Preston","Anderson"
"Reid","Stewart"
"Patrick","Evans"
"Edwin","Cameron"
"Emily","Brooks"
"Eric","Harrison"
"Vivian","Stevens"
"Richard","Johnston"
"Marcus","Ryan"
"Eleanor","Barnes"
"Jenna","Martin"
"Albert","Sullivan"
"Samantha","Brown"
"Edith","Barrett"
"Cadie","Johnston"
"Tyler","Johnston"
"Melanie","Martin"
"Deanna","Anderson"
"Melanie","Dixon"
"Hailey","Farrell"
"Luke","Campbell"
"Dale","Campbell"
"Michelle","Ryan"
"Kevin","Allen"
"Ted","Stewart"
"April","Perry"
"Brianna","Campbell"
"Vincent","Fowler"
"Lenny","Harrison"
"Melanie","Jones"
"Kellan","Wilson"
"Melissa","Miller"
"Freddie","Owens"
"Carlos","West"
"Amanda","Morris"
"Caroline","Howard"
"Agata","Watson"
"Joyce","Douglas"
"Adam","Alexander"
"Olivia","Wilson"
"Michelle","Hill"
"Chester","Casey"
"Sophia","Higgins"
"Alford","Carter"
"Justin","Barnes"
"Abigail","Myers"
"Patrick","Rogers"
"Rafael","Allen"
"Sydney","Ross"
"Richard","Reed"
"Annabella","Reed"
"Aston","Russell"
"Olivia","Roberts"
"Florrie","Foster"
"Chelsea","Elliott"
"William","Clark"
"Adelaide","Casey"
"Amy","Evans"
"Sawyer","Turner"
"James","Chapman"
"Catherine","Davis"
"Alisa","Roberts"
"Ted","Dixon"
"Roland","Gibson"
"Miley","Morgan"
"Dominik","Wells"
"Alford","Evans"
"Maximilian","Campbell"
"Lana","Thomas"
"Owen","Harper"
"Vanessa","Sullivan"
"Oliver","Wilson"
"Hailey","Nelson"
"Charlotte","Reed"
"Samantha","Montgomery"
"Ashton","Hall"
"Luke","Elliott"
"Adrian","Mason"
"Arianna","Craig"
"Carl","Montgomery"
"Paul","Richards"
"Adrianna","Murphy"
"David","Robinson"
"Freddie","Clark"
"Adison","Stevens"
"Aldus","Crawford"
"Chelsea","West"
"Charlotte","Brown"
"Alisa","Williams"
"Justin","Myers"
"Lucia","Miller"
"Julia","Murray"
"Julia","Craig"
"Lucy","Dixon"
"Alisa","Lloyd"
"Madaline","Kelly"
"Ryan","Ferguson"
"Ryan","Turner"
"Edward","Craig"
"Sophia","Alexander"
"Lenny","Walker"
"Mary","Murray"
"Savana","Mason"
"Eleanor","Ryan"
"Stella","Dixon"
"Michael","Richards"
"Olivia","Andrews"
"Nicole","Thomas"
"Steven","Walker"
"Thomas","Carroll"
"Alissa","Sullivan"
"Amy","Montgomery"
"Chester","Payne"
"Isabella","Ellis"
"Natalie","Williams"
"Belinda","Farrell"
"Roland","Chapman"
"Dainton","Hunt"
"Kevin","Brown"
"Catherine","Harper"
"Spike","Montgomery"
"Clark","Davis"
"Valeria","Ryan"
"Belinda","Hamilton"
"Cherry","Morrison"
"Jordan","Cunningham"
"Sarah","Howard"
"Justin","Payne"
"Stella","Grant"
"Stella","Stevens"
"Ada","Stevens"
"Adison","Gibson"
"Kate","Gibson"
"Lenny","Edwards"
"Paige","Gray"
"Haris","Morgan"
"Amy","Sullivan"
"Alford","Barnes"
"Lilianna","Thomas"
"Oscar","Murphy"
"Dominik","Perry"
"Brianna","Riley"
"Abigail","Andrews"
"Amelia","Crawford"
"Brad","Carter"
"Caroline","Scott"
"Sawyer","Harper"
"Vanessa","Hamilton"
"Evelyn","Spencer"
"Robert","Wright"
"Garry","Holmes"
"Roman","Carroll"
"Lucas","Armstrong"
"Briony","Cunningham"
"Alina","Ross"
"Arthur","Cameron"
"Lucas","Smith"
"Annabella","Owens"
"Carina","Adams"
"Jessica","Holmes"
"Maximilian","Walker"
"David","Hall"
"Albert","Hamilton"
"Miley","Roberts"
"Derek","Reed"
"Aldus","Montgomery"
"Steven","Wilson"
"Penelope","Casey"
"Lenny","Johnson"
"Sofia","Smith"
"Chester","Brown"
"Maria","Allen"
"Alfred","Cunningham"
"Ada","Harris"
"Antony","Montgomery"
"Bruce","Ryan"
"Sofia","Anderson"
"Miranda","Crawford"
"Fiona","Ryan"
